﻿<?xml version="1.0" encoding="utf-8"?>
<Defs>

<!-- Put any notes in here. -->

<!-- My Hairstyle -->
  
  <HairDef>
    <defName>Unique_Hair_Name</defName>
    <label>Character Customiser Name</label>
    <styleGender>Any</styleGender>
	<category>Category</category>
    <texPath>Things/Pawn/Humanlike/Hair/Hairname</texPath>
		<styleTags>
			<li>Wild</li>
			<li>Tribal</li>
			<li>Soldier</li>
			<li>Rural</li>
			<li>Punk</li>
			<li>Urban</li>
			<li>Royalty</li>
			<li>HairLong</li>
			<li>HairShort</li>
		</styleTags>
	 </HairDef>
	 
</Defs>